sample_index,t,risk,state,flags,flags_dec,time,pos,vel,imu,stale,heading,stationary,innovation,rejected,raw_line
1,206387082.421,0.7,2,0x0015,21,1,0,1,0,1,0,0,0,0,"AS,t=206387082.421,risk=0.70,state=2,flags=0x0015,time=1,pos=0,vel=1,imu=0,stale=1,heading=0,stationary=0,innovation=0,rejected=0"
2,206387082.671,0.0,0,0x0000,0,0,0,0,0,0,0,0,0,0,"AS,t=206387082.671,risk=0.00,state=0,flags=0x0000,time=0,pos=0,vel=0,imu=0,stale=0,heading=0,stationary=0,innovation=0,rejected=0"
3,206387082.921,0.0,0,0x0000,0,0,0,0,0,0,0,0,0,0,"AS,t=206387082.921,risk=0.00,state=0,flags=0x0000,time=0,pos=0,vel=0,imu=0,stale=0,heading=0,stationary=0,innovation=0,rejected=0"
4,206387083.171,0.0,0,0x0000,0,0,0,0,0,0,0,0,0,0,"AS,t=206387083.171,risk=0.00,state=0,flags=0x0000,time=0,pos=0,vel=0,imu=0,stale=0,heading=0,stationary=0,innovation=0,rejected=0"
5,206387083.671,0.0,0,0x0000,0,0,0,0,0,0,0,0,0,0,"AS,t=206387083.671,risk=0.00,state=0,flags=0x0000,time=0,pos=0,vel=0,imu=0,stale=0,heading=0,stationary=0,innovation=0,rejected=0"
6,206387083.921,0.0,0,0x0000,0,0,0,0,0,0,0,0,0,0,"AS,t=206387083.921,risk=0.00,state=0,flags=0x0000,time=0,pos=0,vel=0,imu=0,stale=0,heading=0,stationary=0,innovation=0,rejected=0"
7,206387084.171,0.0,0,0x0000,0,0,0,0,0,0,0,0,0,0,"AS,t=206387084.171,risk=0.00,state=0,flags=0x0000,time=0,pos=0,vel=0,imu=0,stale=0,heading=0,stationary=0,innovation=0,rejected=0"
8,206387084.421,0.0,0,0x0000,0,0,0,0,0,0,0,0,0,0,"AS,t=206387084.421,risk=0.00,state=0,flags=0x0000,time=0,pos=0,vel=0,imu=0,stale=0,heading=0,stationary=0,innovation=0,rejected=0"
9,206387084.671,0.0,0,0x0000,0,0,0,0,0,0,0,0,0,0,"AS,t=206387084.671,risk=0.00,state=0,flags=0x0000,time=0,pos=0,vel=0,imu=0,stale=0,heading=0,stationary=0,innovation=0,rejected=0"
10,206387084.921,0.0,0,0x0000,0,0,0,0,0,0,0,0,0,0,"AS,t=206387084.921,risk=0.00,state=0,flags=0x0000,time=0,pos=0,vel=0,imu=0,stale=0,heading=0,stationary=0,innovation=0,rejected=0"
11,206387085.171,0.0,0,0x0000,0,0,0,0,0,0,0,0,0,0,"AS,t=206387085.171,risk=0.00,state=0,flags=0x0000,time=0,pos=0,vel=0,imu=0,stale=0,heading=0,stationary=0,innovation=0,rejected=0"
12,206387085.421,0.0,0,0x0000,0,0,0,0,0,0,0,0,0,0,"AS,t=206387085.421,risk=0.00,state=0,flags=0x0000,time=0,pos=0,vel=0,imu=0,stale=0,heading=0,stationary=0,innovation=0,rejected=0"
13,206387085.671,0.0,0,0x0000,0,0,0,0,0,0,0,0,0,0,"AS,t=206387085.671,risk=0.00,state=0,flags=0x0000,time=0,pos=0,vel=0,imu=0,stale=0,heading=0,stationary=0,innovation=0,rejected=0"
14,206387085.921,0.0,0,0x0000,0,0,0,0,0,0,0,0,0,0,"AS,t=206387085.921,risk=0.00,state=0,flags=0x0000,time=0,pos=0,vel=0,imu=0,stale=0,heading=0,stationary=0,innovation=0,rejected=0"
15,206387086.171,0.0,0,0x0000,0,0,0,0,0,0,0,0,0,0,"AS,t=206387086.171,risk=0.00,state=0,flags=0x0000,time=0,pos=0,vel=0,imu=0,stale=0,heading=0,stationary=0,innovation=0,rejected=0"
16,206387086.421,0.0,0,0x0000,0,0,0,0,0,0,0,0,0,0,"AS,t=206387086.421,risk=0.00,state=0,flags=0x0000,time=0,pos=0,vel=0,imu=0,stale=0,heading=0,stationary=0,innovation=0,rejected=0"
17,206387086.671,0.0,0,0x0000,0,0,0,0,0,0,0,0,0,0,"AS,t=206387086.671,risk=0.00,state=0,flags=0x0000,time=0,pos=0,vel=0,imu=0,stale=0,heading=0,stationary=0,innovation=0,rejected=0"
18,206387086.921,0.0,0,0x0000,0,0,0,0,0,0,0,0,0,0,"AS,t=206387086.921,risk=0.00,state=0,flags=0x0000,time=0,pos=0,vel=0,imu=0,stale=0,heading=0,stationary=0,innovation=0,rejected=0"
19,206387087.171,0.0,0,0x0000,0,0,0,0,0,0,0,0,0,0,"AS,t=206387087.171,risk=0.00,state=0,flags=0x0000,time=0,pos=0,vel=0,imu=0,stale=0,heading=0,stationary=0,innovation=0,rejected=0"
20,206387087.421,0.0,0,0x0000,0,0,0,0,0,0,0,0,0,0,"AS,t=206387087.421,risk=0.00,state=0,flags=0x0000,time=0,pos=0,vel=0,imu=0,stale=0,heading=0,stationary=0,innovation=0,rejected=0"
21,206387087.671,0.0,0,0x0000,0,0,0,0,0,0,0,0,0,0,"AS,t=206387087.671,risk=0.00,state=0,flags=0x0000,time=0,pos=0,vel=0,imu=0,stale=0,heading=0,stationary=0,innovation=0,rejected=0"
22,206387087.921,0.0,0,0x0000,0,0,0,0,0,0,0,0,0,0,"AS,t=206387087.921,risk=0.00,state=0,flags=0x0000,time=0,pos=0,vel=0,imu=0,stale=0,heading=0,stationary=0,innovation=0,rejected=0"
23,206387088.171,0.0,0,0x0000,0,0,0,0,0,0,0,0,0,0,"AS,t=206387088.171,risk=0.00,state=0,flags=0x0000,time=0,pos=0,vel=0,imu=0,stale=0,heading=0,stationary=0,innovation=0,rejected=0"
24,206387088.421,0.0,0,0x0000,0,0,0,0,0,0,0,0,0,0,"AS,t=206387088.421,risk=0.00,state=0,flags=0x0000,time=0,pos=0,vel=0,imu=0,stale=0,heading=0,stationary=0,innovation=0,rejected=0"
25,206387088.921,0.0,0,0x0000,0,0,0,0,0,0,0,0,0,0,"AS,t=206387088.921,risk=0.00,state=0,flags=0x0000,time=0,pos=0,vel=0,imu=0,stale=0,heading=0,stationary=0,innovation=0,rejected=0"
26,206387089.171,0.0,0,0x0000,0,0,0,0,0,0,0,0,0,0,"AS,t=206387089.171,risk=0.00,state=0,flags=0x0000,time=0,pos=0,vel=0,imu=0,stale=0,heading=0,stationary=0,innovation=0,rejected=0"
27,206387089.421,0.0,0,0x0000,0,0,0,0,0,0,0,0,0,0,"AS,t=206387089.421,risk=0.00,state=0,flags=0x0000,time=0,pos=0,vel=0,imu=0,stale=0,heading=0,stationary=0,innovation=0,rejected=0"
28,206387089.671,0.0,0,0x0000,0,0,0,0,0,0,0,0,0,0,"AS,t=206387089.671,risk=0.00,state=0,flags=0x0000,time=0,pos=0,vel=0,imu=0,stale=0,heading=0,stationary=0,innovation=0,rejected=0"
29,206387089.921,0.0,0,0x0000,0,0,0,0,0,0,0,0,0,0,"AS,t=206387089.921,risk=0.00,state=0,flags=0x0000,time=0,pos=0,vel=0,imu=0,stale=0,heading=0,stationary=0,innovation=0,rejected=0"
30,206387090.171,0.0,0,0x0000,0,0,0,0,0,0,0,0,0,0,"AS,t=206387090.171,risk=0.00,state=0,flags=0x0000,time=0,pos=0,vel=0,imu=0,stale=0,heading=0,stationary=0,innovation=0,rejected=0"
31,206387090.421,0.0,0,0x0000,0,0,0,0,0,0,0,0,0,0,"AS,t=206387090.421,risk=0.00,state=0,flags=0x0000,time=0,pos=0,vel=0,imu=0,stale=0,heading=0,stationary=0,innovation=0,rejected=0"
32,206387090.671,0.0,0,0x0000,0,0,0,0,0,0,0,0,0,0,"AS,t=206387090.671,risk=0.00,state=0,flags=0x0000,time=0,pos=0,vel=0,imu=0,stale=0,heading=0,stationary=0,innovation=0,rejected=0"
33,206387090.921,0.0,0,0x0000,0,0,0,0,0,0,0,0,0,0,"AS,t=206387090.921,risk=0.00,state=0,flags=0x0000,time=0,pos=0,vel=0,imu=0,stale=0,heading=0,stationary=0,innovation=0,rejected=0"
34,206387091.171,0.0,0,0x0000,0,0,0,0,0,0,0,0,0,0,"AS,t=206387091.171,risk=0.00,state=0,flags=0x0000,time=0,pos=0,vel=0,imu=0,stale=0,heading=0,stationary=0,innovation=0,rejected=0"
35,206387091.421,0.0,0,0x0000,0,0,0,0,0,0,0,0,0,0,"AS,t=206387091.421,risk=0.00,state=0,flags=0x0000,time=0,pos=0,vel=0,imu=0,stale=0,heading=0,stationary=0,innovation=0,rejected=0"
36,206387091.671,0.0,0,0x0000,0,0,0,0,0,0,0,0,0,0,"AS,t=206387091.671,risk=0.00,state=0,flags=0x0000,time=0,pos=0,vel=0,imu=0,stale=0,heading=0,stationary=0,innovation=0,rejected=0"
37,206387091.921,0.0,0,0x0000,0,0,0,0,0,0,0,0,0,0,"AS,t=206387091.921,risk=0.00,state=0,flags=0x0000,time=0,pos=0,vel=0,imu=0,stale=0,heading=0,stationary=0,innovation=0,rejected=0"
38,206387092.171,0.0,0,0x0000,0,0,0,0,0,0,0,0,0,0,"AS,t=206387092.171,risk=0.00,state=0,flags=0x0000,time=0,pos=0,vel=0,imu=0,stale=0,heading=0,stationary=0,innovation=0,rejected=0"
39,206387092.421,0.0,0,0x0000,0,0,0,0,0,0,0,0,0,0,"AS,t=206387092.421,risk=0.00,state=0,flags=0x0000,time=0,pos=0,vel=0,imu=0,stale=0,heading=0,stationary=0,innovation=0,rejected=0"
40,206387092.671,0.0,0,0x0000,0,0,0,0,0,0,0,0,0,0,"AS,t=206387092.671,risk=0.00,state=0,flags=0x0000,time=0,pos=0,vel=0,imu=0,stale=0,heading=0,stationary=0,innovation=0,rejected=0"
41,206387092.921,0.0,0,0x0000,0,0,0,0,0,0,0,0,0,0,"AS,t=206387092.921,risk=0.00,state=0,flags=0x0000,time=0,pos=0,vel=0,imu=0,stale=0,heading=0,stationary=0,innovation=0,rejected=0"
42,206387093.171,0.0,0,0x0000,0,0,0,0,0,0,0,0,0,0,"AS,t=206387093.171,risk=0.00,state=0,flags=0x0000,time=0,pos=0,vel=0,imu=0,stale=0,heading=0,stationary=0,innovation=0,rejected=0"
43,206387093.421,0.0,0,0x0000,0,0,0,0,0,0,0,0,0,0,"AS,t=206387093.421,risk=0.00,state=0,flags=0x0000,time=0,pos=0,vel=0,imu=0,stale=0,heading=0,stationary=0,innovation=0,rejected=0"
44,206387093.671,0.0,0,0x0000,0,0,0,0,0,0,0,0,0,0,"AS,t=206387093.671,risk=0.00,state=0,flags=0x0000,time=0,pos=0,vel=0,imu=0,stale=0,heading=0,stationary=0,innovation=0,rejected=0"
45,206387093.921,0.0,0,0x0000,0,0,0,0,0,0,0,0,0,0,"AS,t=206387093.921,risk=0.00,state=0,flags=0x0000,time=0,pos=0,vel=0,imu=0,stale=0,heading=0,stationary=0,innovation=0,rejected=0"
46,206387093.921,0.5,1,0x0005,5,1,0,1,0,0,0,0,0,0,"AS,t=206387093.921,risk=0.50,state=1,flags=0x0005,time=1,pos=0,vel=1,imu=0,stale=0,heading=0,stationary=0,innovation=0,rejected=0"
47,206387094.421,0.0,0,0x0000,0,0,0,0,0,0,0,0,0,0,"AS,t=206387094.421,risk=0.00,state=0,flags=0x0000,time=0,pos=0,vel=0,imu=0,stale=0,heading=0,stationary=0,innovation=0,rejected=0"
48,206387094.671,0.0,0,0x0000,0,0,0,0,0,0,0,0,0,0,"AS,t=206387094.671,risk=0.00,state=0,flags=0x0000,time=0,pos=0,vel=0,imu=0,stale=0,heading=0,stationary=0,innovation=0,rejected=0"
49,206387094.921,0.0,0,0x0000,0,0,0,0,0,0,0,0,0,0,"AS,t=206387094.921,risk=0.00,state=0,flags=0x0000,time=0,pos=0,vel=0,imu=0,stale=0,heading=0,stationary=0,innovation=0,rejected=0"
50,206387095.171,0.0,0,0x0000,0,0,0,0,0,0,0,0,0,0,"AS,t=206387095.171,risk=0.00,state=0,flags=0x0000,time=0,pos=0,vel=0,imu=0,stale=0,heading=0,stationary=0,innovation=0,rejected=0"
51,206387095.421,0.0,0,0x0000,0,0,0,0,0,0,0,0,0,0,"AS,t=206387095.421,risk=0.00,state=0,flags=0x0000,time=0,pos=0,vel=0,imu=0,stale=0,heading=0,stationary=0,innovation=0,rejected=0"
52,206387095.671,0.0,0,0x0000,0,0,0,0,0,0,0,0,0,0,"AS,t=206387095.671,risk=0.00,state=0,flags=0x0000,time=0,pos=0,vel=0,imu=0,stale=0,heading=0,stationary=0,innovation=0,rejected=0"
53,206387095.921,0.0,0,0x0000,0,0,0,0,0,0,0,0,0,0,"AS,t=206387095.921,risk=0.00,state=0,flags=0x0000,time=0,pos=0,vel=0,imu=0,stale=0,heading=0,stationary=0,innovation=0,rejected=0"
54,206387096.171,0.0,0,0x0000,0,0,0,0,0,0,0,0,0,0,"AS,t=206387096.171,risk=0.00,state=0,flags=0x0000,time=0,pos=0,vel=0,imu=0,stale=0,heading=0,stationary=0,innovation=0,rejected=0"
55,206387096.421,0.0,0,0x0000,0,0,0,0,0,0,0,0,0,0,"AS,t=206387096.421,risk=0.00,state=0,flags=0x0000,time=0,pos=0,vel=0,imu=0,stale=0,heading=0,stationary=0,innovation=0,rejected=0"
56,206387096.671,0.0,0,0x0000,0,0,0,0,0,0,0,0,0,0,"AS,t=206387096.671,risk=0.00,state=0,flags=0x0000,time=0,pos=0,vel=0,imu=0,stale=0,heading=0,stationary=0,innovation=0,rejected=0"
57,206387096.921,0.0,0,0x0000,0,0,0,0,0,0,0,0,0,0,"AS,t=206387096.921,risk=0.00,state=0,flags=0x0000,time=0,pos=0,vel=0,imu=0,stale=0,heading=0,stationary=0,innovation=0,rejected=0"
58,206387097.171,0.0,0,0x0000,0,0,0,0,0,0,0,0,0,0,"AS,t=206387097.171,risk=0.00,state=0,flags=0x0000,time=0,pos=0,vel=0,imu=0,stale=0,heading=0,stationary=0,innovation=0,rejected=0"
59,206387097.421,0.0,0,0x0000,0,0,0,0,0,0,0,0,0,0,"AS,t=206387097.421,risk=0.00,state=0,flags=0x0000,time=0,pos=0,vel=0,imu=0,stale=0,heading=0,stationary=0,innovation=0,rejected=0"
60,206387097.671,0.0,0,0x0000,0,0,0,0,0,0,0,0,0,0,"AS,t=206387097.671,risk=0.00,state=0,flags=0x0000,time=0,pos=0,vel=0,imu=0,stale=0,heading=0,stationary=0,innovation=0,rejected=0"
61,206387097.921,0.0,0,0x0000,0,0,0,0,0,0,0,0,0,0,"AS,t=206387097.921,risk=0.00,state=0,flags=0x0000,time=0,pos=0,vel=0,imu=0,stale=0,heading=0,stationary=0,innovation=0,rejected=0"
62,206387098.171,0.0,0,0x0000,0,0,0,0,0,0,0,0,0,0,"AS,t=206387098.171,risk=0.00,state=0,flags=0x0000,time=0,pos=0,vel=0,imu=0,stale=0,heading=0,stationary=0,innovation=0,rejected=0"
63,206387098.421,0.0,0,0x0000,0,0,0,0,0,0,0,0,0,0,"AS,t=206387098.421,risk=0.00,state=0,flags=0x0000,time=0,pos=0,vel=0,imu=0,stale=0,heading=0,stationary=0,innovation=0,rejected=0"
64,206387098.671,0.0,0,0x0000,0,0,0,0,0,0,0,0,0,0,"AS,t=206387098.671,risk=0.00,state=0,flags=0x0000,time=0,pos=0,vel=0,imu=0,stale=0,heading=0,stationary=0,innovation=0,rejected=0"
65,206387098.921,0.0,0,0x0000,0,0,0,0,0,0,0,0,0,0,"AS,t=206387098.921,risk=0.00,state=0,flags=0x0000,time=0,pos=0,vel=0,imu=0,stale=0,heading=0,stationary=0,innovation=0,rejected=0"
66,206387099.171,0.0,0,0x0000,0,0,0,0,0,0,0,0,0,0,"AS,t=206387099.171,risk=0.00,state=0,flags=0x0000,time=0,pos=0,vel=0,imu=0,stale=0,heading=0,stationary=0,innovation=0,rejected=0"
67,206387099.421,0.0,0,0x0000,0,0,0,0,0,0,0,0,0,0,"AS,t=206387099.421,risk=0.00,state=0,flags=0x0000,time=0,pos=0,vel=0,imu=0,stale=0,heading=0,stationary=0,innovation=0,rejected=0"
68,206387099.421,0.5,1,0x0005,5,1,0,1,0,0,0,0,0,0,"AS,t=206387099.421,risk=0.50,state=1,flags=0x0005,time=1,pos=0,vel=1,imu=0,stale=0,heading=0,stationary=0,innovation=0,rejected=0"
69,206387100.171,0.0,0,0x0000,0,0,0,0,0,0,0,0,0,0,"AS,t=206387100.171,risk=0.00,state=0,flags=0x0000,time=0,pos=0,vel=0,imu=0,stale=0,heading=0,stationary=0,innovation=0,rejected=0"
70,206387100.421,0.0,0,0x0000,0,0,0,0,0,0,0,0,0,0,"AS,t=206387100.421,risk=0.00,state=0,flags=0x0000,time=0,pos=0,vel=0,imu=0,stale=0,heading=0,stationary=0,innovation=0,rejected=0"
71,206387100.671,0.0,0,0x0000,0,0,0,0,0,0,0,0,0,0,"AS,t=206387100.671,risk=0.00,state=0,flags=0x0000,time=0,pos=0,vel=0,imu=0,stale=0,heading=0,stationary=0,innovation=0,rejected=0"
72,206387100.921,0.0,0,0x0000,0,0,0,0,0,0,0,0,0,0,"AS,t=206387100.921,risk=0.00,state=0,flags=0x0000,time=0,pos=0,vel=0,imu=0,stale=0,heading=0,stationary=0,innovation=0,rejected=0"
73,206387101.171,0.0,0,0x0000,0,0,0,0,0,0,0,0,0,0,"AS,t=206387101.171,risk=0.00,state=0,flags=0x0000,time=0,pos=0,vel=0,imu=0,stale=0,heading=0,stationary=0,innovation=0,rejected=0"
74,206387101.421,0.0,0,0x0000,0,0,0,0,0,0,0,0,0,0,"AS,t=206387101.421,risk=0.00,state=0,flags=0x0000,time=0,pos=0,vel=0,imu=0,stale=0,heading=0,stationary=0,innovation=0,rejected=0"
75,206387101.671,0.2,0,0x0004,4,0,0,1,0,0,0,0,0,0,"AS,t=206387101.671,risk=0.20,state=0,flags=0x0004,time=0,pos=0,vel=1,imu=0,stale=0,heading=0,stationary=0,innovation=0,rejected=0"
76,206387101.921,0.0,0,0x0000,0,0,0,0,0,0,0,0,0,0,"AS,t=206387101.921,risk=0.00,state=0,flags=0x0000,time=0,pos=0,vel=0,imu=0,stale=0,heading=0,stationary=0,innovation=0,rejected=0"
77,206387102.171,0.0,0,0x0000,0,0,0,0,0,0,0,0,0,0,"AS,t=206387102.171,risk=0.00,state=0,flags=0x0000,time=0,pos=0,vel=0,imu=0,stale=0,heading=0,stationary=0,innovation=0,rejected=0"
78,206387102.421,0.0,0,0x0000,0,0,0,0,0,0,0,0,0,0,"AS,t=206387102.421,risk=0.00,state=0,flags=0x0000,time=0,pos=0,vel=0,imu=0,stale=0,heading=0,stationary=0,innovation=0,rejected=0"
79,206387102.671,0.0,0,0x0000,0,0,0,0,0,0,0,0,0,0,"AS,t=206387102.671,risk=0.00,state=0,flags=0x0000,time=0,pos=0,vel=0,imu=0,stale=0,heading=0,stationary=0,innovation=0,rejected=0"
80,206387102.921,0.0,0,0x0000,0,0,0,0,0,0,0,0,0,0,"AS,t=206387102.921,risk=0.00,state=0,flags=0x0000,time=0,pos=0,vel=0,imu=0,stale=0,heading=0,stationary=0,innovation=0,rejected=0"
81,206387103.171,0.0,0,0x0000,0,0,0,0,0,0,0,0,0,0,"AS,t=206387103.171,risk=0.00,state=0,flags=0x0000,time=0,pos=0,vel=0,imu=0,stale=0,heading=0,stationary=0,innovation=0,rejected=0"
82,206387103.421,0.0,0,0x0000,0,0,0,0,0,0,0,0,0,0,"AS,t=206387103.421,risk=0.00,state=0,flags=0x0000,time=0,pos=0,vel=0,imu=0,stale=0,heading=0,stationary=0,innovation=0,rejected=0"
83,206387103.421,0.5,1,0x0005,5,1,0,1,0,0,0,0,0,0,"AS,t=206387103.421,risk=0.50,state=1,flags=0x0005,time=1,pos=0,vel=1,imu=0,stale=0,heading=0,stationary=0,innovation=0,rejected=0"
84,206387103.421,0.5,1,0x0005,5,1,0,1,0,0,0,0,0,0,"AS,t=206387103.421,risk=0.50,state=1,flags=0x0005,time=1,pos=0,vel=1,imu=0,stale=0,heading=0,stationary=0,innovation=0,rejected=0"
85,206387103.421,0.5,1,0x0005,5,1,0,1,0,0,0,0,0,0,"AS,t=206387103.421,risk=0.50,state=1,flags=0x0005,time=1,pos=0,vel=1,imu=0,stale=0,heading=0,stationary=0,innovation=0,rejected=0"
86,206387103.421,0.5,1,0x0005,5,1,0,1,0,0,0,0,0,0,"AS,t=206387103.421,risk=0.50,state=1,flags=0x0005,time=1,pos=0,vel=1,imu=0,stale=0,heading=0,stationary=0,innovation=0,rejected=0"
87,206387103.421,0.5,1,0x0005,5,1,0,1,0,0,0,0,0,0,"AS,t=206387103.421,risk=0.50,state=1,flags=0x0005,time=1,pos=0,vel=1,imu=0,stale=0,heading=0,stationary=0,innovation=0,rejected=0"
88,206387103.421,0.5,1,0x0005,5,1,0,1,0,0,0,0,0,0,"AS,t=206387103.421,risk=0.50,state=1,flags=0x0005,time=1,pos=0,vel=1,imu=0,stale=0,heading=0,stationary=0,innovation=0,rejected=0"
89,206387103.421,0.5,1,0x0005,5,1,0,1,0,0,0,0,0,0,"AS,t=206387103.421,risk=0.50,state=1,flags=0x0005,time=1,pos=0,vel=1,imu=0,stale=0,heading=0,stationary=0,innovation=0,rejected=0"
90,206387103.421,0.5,1,0x0005,5,1,0,1,0,0,0,0,0,0,"AS,t=206387103.421,risk=0.50,state=1,flags=0x0005,time=1,pos=0,vel=1,imu=0,stale=0,heading=0,stationary=0,innovation=0,rejected=0"
91,206387103.421,0.5,1,0x0005,5,1,0,1,0,0,0,0,0,0,"AS,t=206387103.421,risk=0.50,state=1,flags=0x0005,time=1,pos=0,vel=1,imu=0,stale=0,heading=0,stationary=0,innovation=0,rejected=0"
92,206387103.421,0.5,1,0x0005,5,1,0,1,0,0,0,0,0,0,"AS,t=206387103.421,risk=0.50,state=1,flags=0x0005,time=1,pos=0,vel=1,imu=0,stale=0,heading=0,stationary=0,innovation=0,rejected=0"
93,206387103.421,0.5,1,0x0005,5,1,0,1,0,0,0,0,0,0,"AS,t=206387103.421,risk=0.50,state=1,flags=0x0005,time=1,pos=0,vel=1,imu=0,stale=0,heading=0,stationary=0,innovation=0,rejected=0"
94,206387103.421,0.5,1,0x0005,5,1,0,1,0,0,0,0,0,0,"AS,t=206387103.421,risk=0.50,state=1,flags=0x0005,time=1,pos=0,vel=1,imu=0,stale=0,heading=0,stationary=0,innovation=0,rejected=0"
95,206387103.421,0.5,1,0x0005,5,1,0,1,0,0,0,0,0,0,"AS,t=206387103.421,risk=0.50,state=1,flags=0x0005,time=1,pos=0,vel=1,imu=0,stale=0,heading=0,stationary=0,innovation=0,rejected=0"
96,206387103.421,0.5,1,0x0005,5,1,0,1,0,0,0,0,0,0,"AS,t=206387103.421,risk=0.50,state=1,flags=0x0005,time=1,pos=0,vel=1,imu=0,stale=0,heading=0,stationary=0,innovation=0,rejected=0"
97,206387103.421,0.5,1,0x0005,5,1,0,1,0,0,0,0,0,0,"AS,t=206387103.421,risk=0.50,state=1,flags=0x0005,time=1,pos=0,vel=1,imu=0,stale=0,heading=0,stationary=0,innovation=0,rejected=0"
98,206387103.421,0.5,1,0x0005,5,1,0,1,0,0,0,0,0,0,"AS,t=206387103.421,risk=0.50,state=1,flags=0x0005,time=1,pos=0,vel=1,imu=0,stale=0,heading=0,stationary=0,innovation=0,rejected=0"
99,206387103.421,0.5,1,0x0005,5,1,0,1,0,0,0,0,0,0,"AS,t=206387103.421,risk=0.50,state=1,flags=0x0005,time=1,pos=0,vel=1,imu=0,stale=0,heading=0,stationary=0,innovation=0,rejected=0"
100,206387103.421,0.5,1,0x0005,5,1,0,1,0,0,0,0,0,0,"AS,t=206387103.421,risk=0.50,state=1,flags=0x0005,time=1,pos=0,vel=1,imu=0,stale=0,heading=0,stationary=0,innovation=0,rejected=0"
101,206387103.421,0.5,1,0x0005,5,1,0,1,0,0,0,0,0,0,"AS,t=206387103.421,risk=0.50,state=1,flags=0x0005,time=1,pos=0,vel=1,imu=0,stale=0,heading=0,stationary=0,innovation=0,rejected=0"
102,206387103.421,0.5,1,0x0005,5,1,0,1,0,0,0,0,0,0,"AS,t=206387103.421,risk=0.50,state=1,flags=0x0005,time=1,pos=0,vel=1,imu=0,stale=0,heading=0,stationary=0,innovation=0,rejected=0"
103,206387103.421,0.5,1,0x0005,5,1,0,1,0,0,0,0,0,0,"AS,t=206387103.421,risk=0.50,state=1,flags=0x0005,time=1,pos=0,vel=1,imu=0,stale=0,heading=0,stationary=0,innovation=0,rejected=0"
104,206387103.421,0.5,1,0x0005,5,1,0,1,0,0,0,0,0,0,"AS,t=206387103.421,risk=0.50,state=1,flags=0x0005,time=1,pos=0,vel=1,imu=0,stale=0,heading=0,stationary=0,innovation=0,rejected=0"
105,206387103.421,0.5,1,0x0005,5,1,0,1,0,0,0,0,0,0,"AS,t=206387103.421,risk=0.50,state=1,flags=0x0005,time=1,pos=0,vel=1,imu=0,stale=0,heading=0,stationary=0,innovation=0,rejected=0"
106,206387103.421,0.5,1,0x0005,5,1,0,1,0,0,0,0,0,0,"AS,t=206387103.421,risk=0.50,state=1,flags=0x0005,time=1,pos=0,vel=1,imu=0,stale=0,heading=0,stationary=0,innovation=0,rejected=0"
107,206387103.421,0.5,1,0x0005,5,1,0,1,0,0,0,0,0,0,"AS,t=206387103.421,risk=0.50,state=1,flags=0x0005,time=1,pos=0,vel=1,imu=0,stale=0,heading=0,stationary=0,innovation=0,rejected=0"
108,206387103.421,0.5,1,0x0005,5,1,0,1,0,0,0,0,0,0,"AS,t=206387103.421,risk=0.50,state=1,flags=0x0005,time=1,pos=0,vel=1,imu=0,stale=0,heading=0,stationary=0,innovation=0,rejected=0"
109,206387103.421,0.5,1,0x0005,5,1,0,1,0,0,0,0,0,0,"AS,t=206387103.421,risk=0.50,state=1,flags=0x0005,time=1,pos=0,vel=1,imu=0,stale=0,heading=0,stationary=0,innovation=0,rejected=0"
110,206387103.421,0.5,1,0x0005,5,1,0,1,0,0,0,0,0,0,"AS,t=206387103.421,risk=0.50,state=1,flags=0x0005,time=1,pos=0,vel=1,imu=0,stale=0,heading=0,stationary=0,innovation=0,rejected=0"
111,206387103.421,0.5,1,0x0005,5,1,0,1,0,0,0,0,0,0,"AS,t=206387103.421,risk=0.50,state=1,flags=0x0005,time=1,pos=0,vel=1,imu=0,stale=0,heading=0,stationary=0,innovation=0,rejected=0"
112,206387103.421,0.5,1,0x0005,5,1,0,1,0,0,0,0,0,0,"AS,t=206387103.421,risk=0.50,state=1,flags=0x0005,time=1,pos=0,vel=1,imu=0,stale=0,heading=0,stationary=0,innovation=0,rejected=0"
113,206387103.421,0.5,1,0x0005,5,1,0,1,0,0,0,0,0,0,"AS,t=206387103.421,risk=0.50,state=1,flags=0x0005,time=1,pos=0,vel=1,imu=0,stale=0,heading=0,stationary=0,innovation=0,rejected=0"
114,206387103.421,0.5,1,0x0005,5,1,0,1,0,0,0,0,0,0,"AS,t=206387103.421,risk=0.50,state=1,flags=0x0005,time=1,pos=0,vel=1,imu=0,stale=0,heading=0,stationary=0,innovation=0,rejected=0"
115,206387103.421,0.5,1,0x0005,5,1,0,1,0,0,0,0,0,0,"AS,t=206387103.421,risk=0.50,state=1,flags=0x0005,time=1,pos=0,vel=1,imu=0,stale=0,heading=0,stationary=0,innovation=0,rejected=0"
116,206387103.421,0.5,1,0x0005,5,1,0,1,0,0,0,0,0,0,"AS,t=206387103.421,risk=0.50,state=1,flags=0x0005,time=1,pos=0,vel=1,imu=0,stale=0,heading=0,stationary=0,innovation=0,rejected=0"
117,206387103.421,0.5,1,0x0005,5,1,0,1,0,0,0,0,0,0,"AS,t=206387103.421,risk=0.50,state=1,flags=0x0005,time=1,pos=0,vel=1,imu=0,stale=0,heading=0,stationary=0,innovation=0,rejected=0"
118,206387103.421,0.5,1,0x0005,5,1,0,1,0,0,0,0,0,0,"AS,t=206387103.421,risk=0.50,state=1,flags=0x0005,time=1,pos=0,vel=1,imu=0,stale=0,heading=0,stationary=0,innovation=0,rejected=0"
119,206387103.421,0.5,1,0x0005,5,1,0,1,0,0,0,0,0,0,"AS,t=206387103.421,risk=0.50,state=1,flags=0x0005,time=1,pos=0,vel=1,imu=0,stale=0,heading=0,stationary=0,innovation=0,rejected=0"
120,206387103.421,0.5,1,0x0005,5,1,0,1,0,0,0,0,0,0,"AS,t=206387103.421,risk=0.50,state=1,flags=0x0005,time=1,pos=0,vel=1,imu=0,stale=0,heading=0,stationary=0,innovation=0,rejected=0"
121,206387103.421,0.5,1,0x0005,5,1,0,1,0,0,0,0,0,0,"AS,t=206387103.421,risk=0.50,state=1,flags=0x0005,time=1,pos=0,vel=1,imu=0,stale=0,heading=0,stationary=0,innovation=0,rejected=0"
122,206387103.421,0.5,1,0x0005,5,1,0,1,0,0,0,0,0,0,"AS,t=206387103.421,risk=0.50,state=1,flags=0x0005,time=1,pos=0,vel=1,imu=0,stale=0,heading=0,stationary=0,innovation=0,rejected=0"
123,206387103.421,0.5,1,0x0005,5,1,0,1,0,0,0,0,0,0,"AS,t=206387103.421,risk=0.50,state=1,flags=0x0005,time=1,pos=0,vel=1,imu=0,stale=0,heading=0,stationary=0,innovation=0,rejected=0"
124,206387103.421,0.5,1,0x0005,5,1,0,1,0,0,0,0,0,0,"AS,t=206387103.421,risk=0.50,state=1,flags=0x0005,time=1,pos=0,vel=1,imu=0,stale=0,heading=0,stationary=0,innovation=0,rejected=0"
125,206387103.421,0.5,1,0x0005,5,1,0,1,0,0,0,0,0,0,"AS,t=206387103.421,risk=0.50,state=1,flags=0x0005,time=1,pos=0,vel=1,imu=0,stale=0,heading=0,stationary=0,innovation=0,rejected=0"
126,206387103.421,0.5,1,0x0005,5,1,0,1,0,0,0,0,0,0,"AS,t=206387103.421,risk=0.50,state=1,flags=0x0005,time=1,pos=0,vel=1,imu=0,stale=0,heading=0,stationary=0,innovation=0,rejected=0"
127,206387103.421,0.5,1,0x0005,5,1,0,1,0,0,0,0,0,0,"AS,t=206387103.421,risk=0.50,state=1,flags=0x0005,time=1,pos=0,vel=1,imu=0,stale=0,heading=0,stationary=0,innovation=0,rejected=0"
128,206387103.421,0.5,1,0x0005,5,1,0,1,0,0,0,0,0,0,"AS,t=206387103.421,risk=0.50,state=1,flags=0x0005,time=1,pos=0,vel=1,imu=0,stale=0,heading=0,stationary=0,innovation=0,rejected=0"
129,206387103.421,0.5,1,0x0005,5,1,0,1,0,0,0,0,0,0,"AS,t=206387103.421,risk=0.50,state=1,flags=0x0005,time=1,pos=0,vel=1,imu=0,stale=0,heading=0,stationary=0,innovation=0,rejected=0"
130,206387103.421,0.5,1,0x0005,5,1,0,1,0,0,0,0,0,0,"AS,t=206387103.421,risk=0.50,state=1,flags=0x0005,time=1,pos=0,vel=1,imu=0,stale=0,heading=0,stationary=0,innovation=0,rejected=0"
131,206387103.421,0.5,1,0x0005,5,1,0,1,0,0,0,0,0,0,"AS,t=206387103.421,risk=0.50,state=1,flags=0x0005,time=1,pos=0,vel=1,imu=0,stale=0,heading=0,stationary=0,innovation=0,rejected=0"
132,206387103.421,0.5,1,0x0005,5,1,0,1,0,0,0,0,0,0,"AS,t=206387103.421,risk=0.50,state=1,flags=0x0005,time=1,pos=0,vel=1,imu=0,stale=0,heading=0,stationary=0,innovation=0,rejected=0"
133,206387103.421,0.5,1,0x0005,5,1,0,1,0,0,0,0,0,0,"AS,t=206387103.421,risk=0.50,state=1,flags=0x0005,time=1,pos=0,vel=1,imu=0,stale=0,heading=0,stationary=0,innovation=0,rejected=0"
134,206387103.421,0.5,1,0x0005,5,1,0,1,0,0,0,0,0,0,"AS,t=206387103.421,risk=0.50,state=1,flags=0x0005,time=1,pos=0,vel=1,imu=0,stale=0,heading=0,stationary=0,innovation=0,rejected=0"
135,206387103.421,0.5,1,0x0005,5,1,0,1,0,0,0,0,0,0,"AS,t=206387103.421,risk=0.50,state=1,flags=0x0005,time=1,pos=0,vel=1,imu=0,stale=0,heading=0,stationary=0,innovation=0,rejected=0"
136,206387103.421,0.5,1,0x0005,5,1,0,1,0,0,0,0,0,0,"AS,t=206387103.421,risk=0.50,state=1,flags=0x0005,time=1,pos=0,vel=1,imu=0,stale=0,heading=0,stationary=0,innovation=0,rejected=0"
137,206387103.421,0.5,1,0x0005,5,1,0,1,0,0,0,0,0,0,"AS,t=206387103.421,risk=0.50,state=1,flags=0x0005,time=1,pos=0,vel=1,imu=0,stale=0,heading=0,stationary=0,innovation=0,rejected=0"
138,206387103.421,0.5,1,0x0005,5,1,0,1,0,0,0,0,0,0,"AS,t=206387103.421,risk=0.50,state=1,flags=0x0005,time=1,pos=0,vel=1,imu=0,stale=0,heading=0,stationary=0,innovation=0,rejected=0"
139,206387103.421,0.5,1,0x0005,5,1,0,1,0,0,0,0,0,0,"AS,t=206387103.421,risk=0.50,state=1,flags=0x0005,time=1,pos=0,vel=1,imu=0,stale=0,heading=0,stationary=0,innovation=0,rejected=0"
140,206387103.421,0.5,1,0x0005,5,1,0,1,0,0,0,0,0,0,"AS,t=206387103.421,risk=0.50,state=1,flags=0x0005,time=1,pos=0,vel=1,imu=0,stale=0,heading=0,stationary=0,innovation=0,rejected=0"
141,206387103.421,0.5,1,0x0005,5,1,0,1,0,0,0,0,0,0,"AS,t=206387103.421,risk=0.50,state=1,flags=0x0005,time=1,pos=0,vel=1,imu=0,stale=0,heading=0,stationary=0,innovation=0,rejected=0"
142,206387103.421,0.5,1,0x0005,5,1,0,1,0,0,0,0,0,0,"AS,t=206387103.421,risk=0.50,state=1,flags=0x0005,time=1,pos=0,vel=1,imu=0,stale=0,heading=0,stationary=0,innovation=0,rejected=0"
143,206387103.421,0.5,1,0x0005,5,1,0,1,0,0,0,0,0,0,"AS,t=206387103.421,risk=0.50,state=1,flags=0x0005,time=1,pos=0,vel=1,imu=0,stale=0,heading=0,stationary=0,innovation=0,rejected=0"
144,206387103.421,0.5,1,0x0005,5,1,0,1,0,0,0,0,0,0,"AS,t=206387103.421,risk=0.50,state=1,flags=0x0005,time=1,pos=0,vel=1,imu=0,stale=0,heading=0,stationary=0,innovation=0,rejected=0"
145,206387103.421,0.5,1,0x0005,5,1,0,1,0,0,0,0,0,0,"AS,t=206387103.421,risk=0.50,state=1,flags=0x0005,time=1,pos=0,vel=1,imu=0,stale=0,heading=0,stationary=0,innovation=0,rejected=0"
146,206387103.421,0.5,1,0x0005,5,1,0,1,0,0,0,0,0,0,"AS,t=206387103.421,risk=0.50,state=1,flags=0x0005,time=1,pos=0,vel=1,imu=0,stale=0,heading=0,stationary=0,innovation=0,rejected=0"
147,206387103.421,0.5,1,0x0005,5,1,0,1,0,0,0,0,0,0,"AS,t=206387103.421,risk=0.50,state=1,flags=0x0005,time=1,pos=0,vel=1,imu=0,stale=0,heading=0,stationary=0,innovation=0,rejected=0"
148,206387103.421,0.5,1,0x0005,5,1,0,1,0,0,0,0,0,0,"AS,t=206387103.421,risk=0.50,state=1,flags=0x0005,time=1,pos=0,vel=1,imu=0,stale=0,heading=0,stationary=0,innovation=0,rejected=0"
149,206387103.421,0.5,1,0x0005,5,1,0,1,0,0,0,0,0,0,"AS,t=206387103.421,risk=0.50,state=1,flags=0x0005,time=1,pos=0,vel=1,imu=0,stale=0,heading=0,stationary=0,innovation=0,rejected=0"
150,206387103.421,0.5,1,0x0005,5,1,0,1,0,0,0,0,0,0,"AS,t=206387103.421,risk=0.50,state=1,flags=0x0005,time=1,pos=0,vel=1,imu=0,stale=0,heading=0,stationary=0,innovation=0,rejected=0"
151,206387103.421,0.5,1,0x0005,5,1,0,1,0,0,0,0,0,0,"AS,t=206387103.421,risk=0.50,state=1,flags=0x0005,time=1,pos=0,vel=1,imu=0,stale=0,heading=0,stationary=0,innovation=0,rejected=0"
152,206387103.421,0.5,1,0x0005,5,1,0,1,0,0,0,0,0,0,"AS,t=206387103.421,risk=0.50,state=1,flags=0x0005,time=1,pos=0,vel=1,imu=0,stale=0,heading=0,stationary=0,innovation=0,rejected=0"
153,206387103.421,0.5,1,0x0005,5,1,0,1,0,0,0,0,0,0,"AS,t=206387103.421,risk=0.50,state=1,flags=0x0005,time=1,pos=0,vel=1,imu=0,stale=0,heading=0,stationary=0,innovation=0,rejected=0"
154,206387103.421,0.5,1,0x0005,5,1,0,1,0,0,0,0,0,0,"AS,t=206387103.421,risk=0.50,state=1,flags=0x0005,time=1,pos=0,vel=1,imu=0,stale=0,heading=0,stationary=0,innovation=0,rejected=0"
155,206387103.421,0.5,1,0x0005,5,1,0,1,0,0,0,0,0,0,"AS,t=206387103.421,risk=0.50,state=1,flags=0x0005,time=1,pos=0,vel=1,imu=0,stale=0,heading=0,stationary=0,innovation=0,rejected=0"
156,206387103.421,0.5,1,0x0005,5,1,0,1,0,0,0,0,0,0,"AS,t=206387103.421,risk=0.50,state=1,flags=0x0005,time=1,pos=0,vel=1,imu=0,stale=0,heading=0,stationary=0,innovation=0,rejected=0"
157,206387103.421,0.5,1,0x0005,5,1,0,1,0,0,0,0,0,0,"AS,t=206387103.421,risk=0.50,state=1,flags=0x0005,time=1,pos=0,vel=1,imu=0,stale=0,heading=0,stationary=0,innovation=0,rejected=0"
158,206387103.421,0.5,1,0x0005,5,1,0,1,0,0,0,0,0,0,"AS,t=206387103.421,risk=0.50,state=1,flags=0x0005,time=1,pos=0,vel=1,imu=0,stale=0,heading=0,stationary=0,innovation=0,rejected=0"
159,206387103.421,0.5,1,0x0005,5,1,0,1,0,0,0,0,0,0,"AS,t=206387103.421,risk=0.50,state=1,flags=0x0005,time=1,pos=0,vel=1,imu=0,stale=0,heading=0,stationary=0,innovation=0,rejected=0"
160,206387103.421,0.5,1,0x0005,5,1,0,1,0,0,0,0,0,0,"AS,t=206387103.421,risk=0.50,state=1,flags=0x0005,time=1,pos=0,vel=1,imu=0,stale=0,heading=0,stationary=0,innovation=0,rejected=0"
161,206387103.421,0.5,1,0x0005,5,1,0,1,0,0,0,0,0,0,"AS,t=206387103.421,risk=0.50,state=1,flags=0x0005,time=1,pos=0,vel=1,imu=0,stale=0,heading=0,stationary=0,innovation=0,rejected=0"
162,206387103.421,0.5,1,0x0005,5,1,0,1,0,0,0,0,0,0,"AS,t=206387103.421,risk=0.50,state=1,flags=0x0005,time=1,pos=0,vel=1,imu=0,stale=0,heading=0,stationary=0,innovation=0,rejected=0"
163,206387103.421,0.5,1,0x0005,5,1,0,1,0,0,0,0,0,0,"AS,t=206387103.421,risk=0.50,state=1,flags=0x0005,time=1,pos=0,vel=1,imu=0,stale=0,heading=0,stationary=0,innovation=0,rejected=0"
164,206387103.421,0.5,1,0x0005,5,1,0,1,0,0,0,0,0,0,"AS,t=206387103.421,risk=0.50,state=1,flags=0x0005,time=1,pos=0,vel=1,imu=0,stale=0,heading=0,stationary=0,innovation=0,rejected=0"
165,206387103.421,0.5,1,0x0005,5,1,0,1,0,0,0,0,0,0,"AS,t=206387103.421,risk=0.50,state=1,flags=0x0005,time=1,pos=0,vel=1,imu=0,stale=0,heading=0,stationary=0,innovation=0,rejected=0"
166,206387103.421,0.5,1,0x0005,5,1,0,1,0,0,0,0,0,0,"AS,t=206387103.421,risk=0.50,state=1,flags=0x0005,time=1,pos=0,vel=1,imu=0,stale=0,heading=0,stationary=0,innovation=0,rejected=0"
167,206387103.421,0.5,1,0x0005,5,1,0,1,0,0,0,0,0,0,"AS,t=206387103.421,risk=0.50,state=1,flags=0x0005,time=1,pos=0,vel=1,imu=0,stale=0,heading=0,stationary=0,innovation=0,rejected=0"
168,206387103.421,0.5,1,0x0005,5,1,0,1,0,0,0,0,0,0,"AS,t=206387103.421,risk=0.50,state=1,flags=0x0005,time=1,pos=0,vel=1,imu=0,stale=0,heading=0,stationary=0,innovation=0,rejected=0"
169,206387103.421,0.5,1,0x0005,5,1,0,1,0,0,0,0,0,0,"AS,t=206387103.421,risk=0.50,state=1,flags=0x0005,time=1,pos=0,vel=1,imu=0,stale=0,heading=0,stationary=0,innovation=0,rejected=0"
170,206387103.421,0.5,1,0x0005,5,1,0,1,0,0,0,0,0,0,"AS,t=206387103.421,risk=0.50,state=1,flags=0x0005,time=1,pos=0,vel=1,imu=0,stale=0,heading=0,stationary=0,innovation=0,rejected=0"
171,206387103.421,0.5,1,0x0005,5,1,0,1,0,0,0,0,0,0,"AS,t=206387103.421,risk=0.50,state=1,flags=0x0005,time=1,pos=0,vel=1,imu=0,stale=0,heading=0,stationary=0,innovation=0,rejected=0"
172,206387103.421,0.5,1,0x0005,5,1,0,1,0,0,0,0,0,0,"AS,t=206387103.421,risk=0.50,state=1,flags=0x0005,time=1,pos=0,vel=1,imu=0,stale=0,heading=0,stationary=0,innovation=0,rejected=0"
173,206387103.421,0.5,1,0x0005,5,1,0,1,0,0,0,0,0,0,"AS,t=206387103.421,risk=0.50,state=1,flags=0x0005,time=1,pos=0,vel=1,imu=0,stale=0,heading=0,stationary=0,innovation=0,rejected=0"
174,206387103.421,0.5,1,0x0005,5,1,0,1,0,0,0,0,0,0,"AS,t=206387103.421,risk=0.50,state=1,flags=0x0005,time=1,pos=0,vel=1,imu=0,stale=0,heading=0,stationary=0,innovation=0,rejected=0"
175,206387103.421,0.5,1,0x0005,5,1,0,1,0,0,0,0,0,0,"AS,t=206387103.421,risk=0.50,state=1,flags=0x0005,time=1,pos=0,vel=1,imu=0,stale=0,heading=0,stationary=0,innovation=0,rejected=0"
176,206387103.421,0.5,1,0x0005,5,1,0,1,0,0,0,0,0,0,"AS,t=206387103.421,risk=0.50,state=1,flags=0x0005,time=1,pos=0,vel=1,imu=0,stale=0,heading=0,stationary=0,innovation=0,rejected=0"
177,206387103.421,0.5,1,0x0005,5,1,0,1,0,0,0,0,0,0,"AS,t=206387103.421,risk=0.50,state=1,flags=0x0005,time=1,pos=0,vel=1,imu=0,stale=0,heading=0,stationary=0,innovation=0,rejected=0"
178,206387103.421,0.5,1,0x0005,5,1,0,1,0,0,0,0,0,0,"AS,t=206387103.421,risk=0.50,state=1,flags=0x0005,time=1,pos=0,vel=1,imu=0,stale=0,heading=0,stationary=0,innovation=0,rejected=0"
179,206387103.421,0.5,1,0x0005,5,1,0,1,0,0,0,0,0,0,"AS,t=206387103.421,risk=0.50,state=1,flags=0x0005,time=1,pos=0,vel=1,imu=0,stale=0,heading=0,stationary=0,innovation=0,rejected=0"
180,206387103.421,0.5,1,0x0005,5,1,0,1,0,0,0,0,0,0,"AS,t=206387103.421,risk=0.50,state=1,flags=0x0005,time=1,pos=0,vel=1,imu=0,stale=0,heading=0,stationary=0,innovation=0,rejected=0"
181,206387103.421,0.5,1,0x0005,5,1,0,1,0,0,0,0,0,0,"AS,t=206387103.421,risk=0.50,state=1,flags=0x0005,time=1,pos=0,vel=1,imu=0,stale=0,heading=0,stationary=0,innovation=0,rejected=0"
182,206387103.421,0.5,1,0x0005,5,1,0,1,0,0,0,0,0,0,"AS,t=206387103.421,risk=0.50,state=1,flags=0x0005,time=1,pos=0,vel=1,imu=0,stale=0,heading=0,stationary=0,innovation=0,rejected=0"
183,206387103.421,0.5,1,0x0005,5,1,0,1,0,0,0,0,0,0,"AS,t=206387103.421,risk=0.50,state=1,flags=0x0005,time=1,pos=0,vel=1,imu=0,stale=0,heading=0,stationary=0,innovation=0,rejected=0"
184,206387103.421,0.5,1,0x0005,5,1,0,1,0,0,0,0,0,0,"AS,t=206387103.421,risk=0.50,state=1,flags=0x0005,time=1,pos=0,vel=1,imu=0,stale=0,heading=0,stationary=0,innovation=0,rejected=0"
185,206387103.421,0.5,1,0x0005,5,1,0,1,0,0,0,0,0,0,"AS,t=206387103.421,risk=0.50,state=1,flags=0x0005,time=1,pos=0,vel=1,imu=0,stale=0,heading=0,stationary=0,innovation=0,rejected=0"
186,206387103.421,0.5,1,0x0005,5,1,0,1,0,0,0,0,0,0,"AS,t=206387103.421,risk=0.50,state=1,flags=0x0005,time=1,pos=0,vel=1,imu=0,stale=0,heading=0,stationary=0,innovation=0,rejected=0"
187,206387103.421,0.5,1,0x0005,5,1,0,1,0,0,0,0,0,0,"AS,t=206387103.421,risk=0.50,state=1,flags=0x0005,time=1,pos=0,vel=1,imu=0,stale=0,heading=0,stationary=0,innovation=0,rejected=0"
188,206387103.421,0.5,1,0x0005,5,1,0,1,0,0,0,0,0,0,"AS,t=206387103.421,risk=0.50,state=1,flags=0x0005,time=1,pos=0,vel=1,imu=0,stale=0,heading=0,stationary=0,innovation=0,rejected=0"
189,206387103.421,0.5,1,0x0005,5,1,0,1,0,0,0,0,0,0,"AS,t=206387103.421,risk=0.50,state=1,flags=0x0005,time=1,pos=0,vel=1,imu=0,stale=0,heading=0,stationary=0,innovation=0,rejected=0"
190,206387103.421,0.5,1,0x0005,5,1,0,1,0,0,0,0,0,0,"AS,t=206387103.421,risk=0.50,state=1,flags=0x0005,time=1,pos=0,vel=1,imu=0,stale=0,heading=0,stationary=0,innovation=0,rejected=0"
191,206387103.421,0.5,1,0x0005,5,1,0,1,0,0,0,0,0,0,"AS,t=206387103.421,risk=0.50,state=1,flags=0x0005,time=1,pos=0,vel=1,imu=0,stale=0,heading=0,stationary=0,innovation=0,rejected=0"
192,206387103.421,0.5,1,0x0005,5,1,0,1,0,0,0,0,0,0,"AS,t=206387103.421,risk=0.50,state=1,flags=0x0005,time=1,pos=0,vel=1,imu=0,stale=0,heading=0,stationary=0,innovation=0,rejected=0"
193,206387103.421,0.5,1,0x0005,5,1,0,1,0,0,0,0,0,0,"AS,t=206387103.421,risk=0.50,state=1,flags=0x0005,time=1,pos=0,vel=1,imu=0,stale=0,heading=0,stationary=0,innovation=0,rejected=0"
194,206387103.421,0.5,1,0x0005,5,1,0,1,0,0,0,0,0,0,"AS,t=206387103.421,risk=0.50,state=1,flags=0x0005,time=1,pos=0,vel=1,imu=0,stale=0,heading=0,stationary=0,innovation=0,rejected=0"
195,206387103.421,0.5,1,0x0005,5,1,0,1,0,0,0,0,0,0,"AS,t=206387103.421,risk=0.50,state=1,flags=0x0005,time=1,pos=0,vel=1,imu=0,stale=0,heading=0,stationary=0,innovation=0,rejected=0"
196,206387103.421,0.5,1,0x0005,5,1,0,1,0,0,0,0,0,0,"AS,t=206387103.421,risk=0.50,state=1,flags=0x0005,time=1,pos=0,vel=1,imu=0,stale=0,heading=0,stationary=0,innovation=0,rejected=0"
197,206387103.421,0.5,1,0x0005,5,1,0,1,0,0,0,0,0,0,"AS,t=206387103.421,risk=0.50,state=1,flags=0x0005,time=1,pos=0,vel=1,imu=0,stale=0,heading=0,stationary=0,innovation=0,rejected=0"
198,206387103.421,0.5,1,0x0005,5,1,0,1,0,0,0,0,0,0,"AS,t=206387103.421,risk=0.50,state=1,flags=0x0005,time=1,pos=0,vel=1,imu=0,stale=0,heading=0,stationary=0,innovation=0,rejected=0"
199,206387103.421,0.5,1,0x0005,5,1,0,1,0,0,0,0,0,0,"AS,t=206387103.421,risk=0.50,state=1,flags=0x0005,time=1,pos=0,vel=1,imu=0,stale=0,heading=0,stationary=0,innovation=0,rejected=0"
200,206387103.421,0.5,1,0x0005,5,1,0,1,0,0,0,0,0,0,"AS,t=206387103.421,risk=0.50,state=1,flags=0x0005,time=1,pos=0,vel=1,imu=0,stale=0,heading=0,stationary=0,innovation=0,rejected=0"
201,206387103.421,0.5,1,0x0005,5,1,0,1,0,0,0,0,0,0,"AS,t=206387103.421,risk=0.50,state=1,flags=0x0005,time=1,pos=0,vel=1,imu=0,stale=0,heading=0,stationary=0,innovation=0,rejected=0"
202,206387103.421,0.5,1,0x0005,5,1,0,1,0,0,0,0,0,0,"AS,t=206387103.421,risk=0.50,state=1,flags=0x0005,time=1,pos=0,vel=1,imu=0,stale=0,heading=0,stationary=0,innovation=0,rejected=0"
203,206387103.421,0.5,1,0x0005,5,1,0,1,0,0,0,0,0,0,"AS,t=206387103.421,risk=0.50,state=1,flags=0x0005,time=1,pos=0,vel=1,imu=0,stale=0,heading=0,stationary=0,innovation=0,rejected=0"
204,206387103.421,0.5,1,0x0005,5,1,0,1,0,0,0,0,0,0,"AS,t=206387103.421,risk=0.50,state=1,flags=0x0005,time=1,pos=0,vel=1,imu=0,stale=0,heading=0,stationary=0,innovation=0,rejected=0"
205,206387103.421,0.5,1,0x0005,5,1,0,1,0,0,0,0,0,0,"AS,t=206387103.421,risk=0.50,state=1,flags=0x0005,time=1,pos=0,vel=1,imu=0,stale=0,heading=0,stationary=0,innovation=0,rejected=0"
206,206387103.421,0.5,1,0x0005,5,1,0,1,0,0,0,0,0,0,"AS,t=206387103.421,risk=0.50,state=1,flags=0x0005,time=1,pos=0,vel=1,imu=0,stale=0,heading=0,stationary=0,innovation=0,rejected=0"
207,206387135.671,0.3,1,0x0001,1,1,0,0,0,0,0,0,0,0,"AS,t=206387135.671,risk=0.30,state=1,flags=0x0001,time=1,pos=0,vel=0,imu=0,stale=0,heading=0,stationary=0,innovation=0,rejected=0"
208,206387136.171,0.0,0,0x0000,0,0,0,0,0,0,0,0,0,0,"AS,t=206387136.171,risk=0.00,state=0,flags=0x0000,time=0,pos=0,vel=0,imu=0,stale=0,heading=0,stationary=0,innovation=0,rejected=0"
209,206387136.421,0.0,0,0x0000,0,0,0,0,0,0,0,0,0,0,"AS,t=206387136.421,risk=0.00,state=0,flags=0x0000,time=0,pos=0,vel=0,imu=0,stale=0,heading=0,stationary=0,innovation=0,rejected=0"
210,206387136.671,0.0,0,0x0000,0,0,0,0,0,0,0,0,0,0,"AS,t=206387136.671,risk=0.00,state=0,flags=0x0000,time=0,pos=0,vel=0,imu=0,stale=0,heading=0,stationary=0,innovation=0,rejected=0"
211,206387136.921,0.0,0,0x0000,0,0,0,0,0,0,0,0,0,0,"AS,t=206387136.921,risk=0.00,state=0,flags=0x0000,time=0,pos=0,vel=0,imu=0,stale=0,heading=0,stationary=0,innovation=0,rejected=0"
212,206387137.171,0.0,0,0x0000,0,0,0,0,0,0,0,0,0,0,"AS,t=206387137.171,risk=0.00,state=0,flags=0x0000,time=0,pos=0,vel=0,imu=0,stale=0,heading=0,stationary=0,innovation=0,rejected=0"
213,206387137.421,0.0,0,0x0000,0,0,0,0,0,0,0,0,0,0,"AS,t=206387137.421,risk=0.00,state=0,flags=0x0000,time=0,pos=0,vel=0,imu=0,stale=0,heading=0,stationary=0,innovation=0,rejected=0"
214,206387137.671,0.2,0,0x0004,4,0,0,1,0,0,0,0,0,0,"AS,t=206387137.671,risk=0.20,state=0,flags=0x0004,time=0,pos=0,vel=1,imu=0,stale=0,heading=0,stationary=0,innovation=0,rejected=0"
215,206387137.671,0.5,1,0x0005,5,1,0,1,0,0,0,0,0,0,"AS,t=206387137.671,risk=0.50,state=1,flags=0x0005,time=1,pos=0,vel=1,imu=0,stale=0,heading=0,stationary=0,innovation=0,rejected=0"
216,206387137.671,0.5,1,0x0005,5,1,0,1,0,0,0,0,0,0,"AS,t=206387137.671,risk=0.50,state=1,flags=0x0005,time=1,pos=0,vel=1,imu=0,stale=0,heading=0,stationary=0,innovation=0,rejected=0"
217,206387138.421,0.0,0,0x0000,0,0,0,0,0,0,0,0,0,0,"AS,t=206387138.421,risk=0.00,state=0,flags=0x0000,time=0,pos=0,vel=0,imu=0,stale=0,heading=0,stationary=0,innovation=0,rejected=0"
218,206387138.421,0.5,1,0x0005,5,1,0,1,0,0,0,0,0,0,"AS,t=206387138.421,risk=0.50,state=1,flags=0x0005,time=1,pos=0,vel=1,imu=0,stale=0,heading=0,stationary=0,innovation=0,rejected=0"
219,206387138.921,0.0,0,0x0000,0,0,0,0,0,0,0,0,0,0,"AS,t=206387138.921,risk=0.00,state=0,flags=0x0000,time=0,pos=0,vel=0,imu=0,stale=0,heading=0,stationary=0,innovation=0,rejected=0"
220,206387139.171,0.0,0,0x0000,0,0,0,0,0,0,0,0,0,0,"AS,t=206387139.171,risk=0.00,state=0,flags=0x0000,time=0,pos=0,vel=0,imu=0,stale=0,heading=0,stationary=0,innovation=0,rejected=0"
221,206387139.421,0.0,0,0x0000,0,0,0,0,0,0,0,0,0,0,"AS,t=206387139.421,risk=0.00,state=0,flags=0x0000,time=0,pos=0,vel=0,imu=0,stale=0,heading=0,stationary=0,innovation=0,rejected=0"
222,206387139.671,0.0,0,0x0000,0,0,0,0,0,0,0,0,0,0,"AS,t=206387139.671,risk=0.00,state=0,flags=0x0000,time=0,pos=0,vel=0,imu=0,stale=0,heading=0,stationary=0,innovation=0,rejected=0"
223,206387139.921,0.0,0,0x0000,0,0,0,0,0,0,0,0,0,0,"AS,t=206387139.921,risk=0.00,state=0,flags=0x0000,time=0,pos=0,vel=0,imu=0,stale=0,heading=0,stationary=0,innovation=0,rejected=0"
224,206387140.171,0.0,0,0x0000,0,0,0,0,0,0,0,0,0,0,"AS,t=206387140.171,risk=0.00,state=0,flags=0x0000,time=0,pos=0,vel=0,imu=0,stale=0,heading=0,stationary=0,innovation=0,rejected=0"
225,206387140.421,0.0,0,0x0000,0,0,0,0,0,0,0,0,0,0,"AS,t=206387140.421,risk=0.00,state=0,flags=0x0000,time=0,pos=0,vel=0,imu=0,stale=0,heading=0,stationary=0,innovation=0,rejected=0"
226,206387140.671,0.0,0,0x0000,0,0,0,0,0,0,0,0,0,0,"AS,t=206387140.671,risk=0.00,state=0,flags=0x0000,time=0,pos=0,vel=0,imu=0,stale=0,heading=0,stationary=0,innovation=0,rejected=0"
227,206387140.921,0.0,0,0x0000,0,0,0,0,0,0,0,0,0,0,"AS,t=206387140.921,risk=0.00,state=0,flags=0x0000,time=0,pos=0,vel=0,imu=0,stale=0,heading=0,stationary=0,innovation=0,rejected=0"
228,206387141.171,0.0,0,0x0000,0,0,0,0,0,0,0,0,0,0,"AS,t=206387141.171,risk=0.00,state=0,flags=0x0000,time=0,pos=0,vel=0,imu=0,stale=0,heading=0,stationary=0,innovation=0,rejected=0"
229,206387141.421,0.0,0,0x0000,0,0,0,0,0,0,0,0,0,0,"AS,t=206387141.421,risk=0.00,state=0,flags=0x0000,time=0,pos=0,vel=0,imu=0,stale=0,heading=0,stationary=0,innovation=0,rejected=0"
230,206387141.671,0.0,0,0x0000,0,0,0,0,0,0,0,0,0,0,"AS,t=206387141.671,risk=0.00,state=0,flags=0x0000,time=0,pos=0,vel=0,imu=0,stale=0,heading=0,stationary=0,innovation=0,rejected=0"
231,206387141.921,0.0,0,0x0000,0,0,0,0,0,0,0,0,0,0,"AS,t=206387141.921,risk=0.00,state=0,flags=0x0000,time=0,pos=0,vel=0,imu=0,stale=0,heading=0,stationary=0,innovation=0,rejected=0"
232,206387142.171,0.0,0,0x0000,0,0,0,0,0,0,0,0,0,0,"AS,t=206387142.171,risk=0.00,state=0,flags=0x0000,time=0,pos=0,vel=0,imu=0,stale=0,heading=0,stationary=0,innovation=0,rejected=0"
233,206387142.421,0.0,0,0x0000,0,0,0,0,0,0,0,0,0,0,"AS,t=206387142.421,risk=0.00,state=0,flags=0x0000,time=0,pos=0,vel=0,imu=0,stale=0,heading=0,stationary=0,innovation=0,rejected=0"
234,206387142.671,0.0,0,0x0000,0,0,0,0,0,0,0,0,0,0,"AS,t=206387142.671,risk=0.00,state=0,flags=0x0000,time=0,pos=0,vel=0,imu=0,stale=0,heading=0,stationary=0,innovation=0,rejected=0"
235,206387143.421,0.0,0,0x0000,0,0,0,0,0,0,0,0,0,0,"AS,t=206387143.421,risk=0.00,state=0,flags=0x0000,time=0,pos=0,vel=0,imu=0,stale=0,heading=0,stationary=0,innovation=0,rejected=0"
236,206387143.671,0.0,0,0x0000,0,0,0,0,0,0,0,0,0,0,"AS,t=206387143.671,risk=0.00,state=0,flags=0x0000,time=0,pos=0,vel=0,imu=0,stale=0,heading=0,stationary=0,innovation=0,rejected=0"
237,206387143.921,0.0,0,0x0000,0,0,0,0,0,0,0,0,0,0,"AS,t=206387143.921,risk=0.00,state=0,flags=0x0000,time=0,pos=0,vel=0,imu=0,stale=0,heading=0,stationary=0,innovation=0,rejected=0"
238,206387144.171,0.0,0,0x0000,0,0,0,0,0,0,0,0,0,0,"AS,t=206387144.171,risk=0.00,state=0,flags=0x0000,time=0,pos=0,vel=0,imu=0,stale=0,heading=0,stationary=0,innovation=0,rejected=0"
239,206387144.421,0.0,0,0x0000,0,0,0,0,0,0,0,0,0,0,"AS,t=206387144.421,risk=0.00,state=0,flags=0x0000,time=0,pos=0,vel=0,imu=0,stale=0,heading=0,stationary=0,innovation=0,rejected=0"
240,206387144.671,0.0,0,0x0000,0,0,0,0,0,0,0,0,0,0,"AS,t=206387144.671,risk=0.00,state=0,flags=0x0000,time=0,pos=0,vel=0,imu=0,stale=0,heading=0,stationary=0,innovation=0,rejected=0"
241,206387144.921,0.0,0,0x0000,0,0,0,0,0,0,0,0,0,0,"AS,t=206387144.921,risk=0.00,state=0,flags=0x0000,time=0,pos=0,vel=0,imu=0,stale=0,heading=0,stationary=0,innovation=0,rejected=0"
242,206387145.171,0.0,0,0x0000,0,0,0,0,0,0,0,0,0,0,"AS,t=206387145.171,risk=0.00,state=0,flags=0x0000,time=0,pos=0,vel=0,imu=0,stale=0,heading=0,stationary=0,innovation=0,rejected=0"
243,206387145.421,0.0,0,0x0000,0,0,0,0,0,0,0,0,0,0,"AS,t=206387145.421,risk=0.00,state=0,flags=0x0000,time=0,pos=0,vel=0,imu=0,stale=0,heading=0,stationary=0,innovation=0,rejected=0"
244,206387145.671,0.0,0,0x0000,0,0,0,0,0,0,0,0,0,0,"AS,t=206387145.671,risk=0.00,state=0,flags=0x0000,time=0,pos=0,vel=0,imu=0,stale=0,heading=0,stationary=0,innovation=0,rejected=0"
245,206387145.921,0.0,0,0x0000,0,0,0,0,0,0,0,0,0,0,"AS,t=206387145.921,risk=0.00,state=0,flags=0x0000,time=0,pos=0,vel=0,imu=0,stale=0,heading=0,stationary=0,innovation=0,rejected=0"
246,206387146.171,0.0,0,0x0000,0,0,0,0,0,0,0,0,0,0,"AS,t=206387146.171,risk=0.00,state=0,flags=0x0000,time=0,pos=0,vel=0,imu=0,stale=0,heading=0,stationary=0,innovation=0,rejected=0"
247,206387146.421,0.0,0,0x0000,0,0,0,0,0,0,0,0,0,0,"AS,t=206387146.421,risk=0.00,state=0,flags=0x0000,time=0,pos=0,vel=0,imu=0,stale=0,heading=0,stationary=0,innovation=0,rejected=0"
248,206387146.671,0.0,0,0x0000,0,0,0,0,0,0,0,0,0,0,"AS,t=206387146.671,risk=0.00,state=0,flags=0x0000,time=0,pos=0,vel=0,imu=0,stale=0,heading=0,stationary=0,innovation=0,rejected=0"
249,206387146.921,0.0,0,0x0000,0,0,0,0,0,0,0,0,0,0,"AS,t=206387146.921,risk=0.00,state=0,flags=0x0000,time=0,pos=0,vel=0,imu=0,stale=0,heading=0,stationary=0,innovation=0,rejected=0"
250,206387147.171,0.0,0,0x0000,0,0,0,0,0,0,0,0,0,0,"AS,t=206387147.171,risk=0.00,state=0,flags=0x0000,time=0,pos=0,vel=0,imu=0,stale=0,heading=0,stationary=0,innovation=0,rejected=0"
251,206387147.421,0.0,0,0x0000,0,0,0,0,0,0,0,0,0,0,"AS,t=206387147.421,risk=0.00,state=0,flags=0x0000,time=0,pos=0,vel=0,imu=0,stale=0,heading=0,stationary=0,innovation=0,rejected=0"
252,206387147.671,0.0,0,0x0000,0,0,0,0,0,0,0,0,0,0,"AS,t=206387147.671,risk=0.00,state=0,flags=0x0000,time=0,pos=0,vel=0,imu=0,stale=0,heading=0,stationary=0,innovation=0,rejected=0"
253,206387147.921,0.0,0,0x0000,0,0,0,0,0,0,0,0,0,0,"AS,t=206387147.921,risk=0.00,state=0,flags=0x0000,time=0,pos=0,vel=0,imu=0,stale=0,heading=0,stationary=0,innovation=0,rejected=0"
254,206387148.171,0.5,1,0x0006,6,0,1,1,0,0,0,0,0,0,"AS,t=206387148.171,risk=0.50,state=1,flags=0x0006,time=0,pos=1,vel=1,imu=0,stale=0,heading=0,stationary=0,innovation=0,rejected=0"
255,206387148.421,0.0,0,0x0000,0,0,0,0,0,0,0,0,0,0,"AS,t=206387148.421,risk=0.00,state=0,flags=0x0000,time=0,pos=0,vel=0,imu=0,stale=0,heading=0,stationary=0,innovation=0,rejected=0"
256,206387148.671,0.0,0,0x0000,0,0,0,0,0,0,0,0,0,0,"AS,t=206387148.671,risk=0.00,state=0,flags=0x0000,time=0,pos=0,vel=0,imu=0,stale=0,heading=0,stationary=0,innovation=0,rejected=0"
257,206387148.921,0.0,0,0x0000,0,0,0,0,0,0,0,0,0,0,"AS,t=206387148.921,risk=0.00,state=0,flags=0x0000,time=0,pos=0,vel=0,imu=0,stale=0,heading=0,stationary=0,innovation=0,rejected=0"
258,206387148.921,0.5,1,0x0005,5,1,0,1,0,0,0,0,0,0,"AS,t=206387148.921,risk=0.50,state=1,flags=0x0005,time=1,pos=0,vel=1,imu=0,stale=0,heading=0,stationary=0,innovation=0,rejected=0"
259,206387149.421,0.0,0,0x0000,0,0,0,0,0,0,0,0,0,0,"AS,t=206387149.421,risk=0.00,state=0,flags=0x0000,time=0,pos=0,vel=0,imu=0,stale=0,heading=0,stationary=0,innovation=0,rejected=0"
260,206387149.671,0.0,0,0x0000,0,0,0,0,0,0,0,0,0,0,"AS,t=206387149.671,risk=0.00,state=0,flags=0x0000,time=0,pos=0,vel=0,imu=0,stale=0,heading=0,stationary=0,innovation=0,rejected=0"
261,206387149.921,0.0,0,0x0000,0,0,0,0,0,0,0,0,0,0,"AS,t=206387149.921,risk=0.00,state=0,flags=0x0000,time=0,pos=0,vel=0,imu=0,stale=0,heading=0,stationary=0,innovation=0,rejected=0"
262,206387150.171,0.0,0,0x0000,0,0,0,0,0,0,0,0,0,0,"AS,t=206387150.171,risk=0.00,state=0,flags=0x0000,time=0,pos=0,vel=0,imu=0,stale=0,heading=0,stationary=0,innovation=0,rejected=0"
263,206387150.421,0.0,0,0x0000,0,0,0,0,0,0,0,0,0,0,"AS,t=206387150.421,risk=0.00,state=0,flags=0x0000,time=0,pos=0,vel=0,imu=0,stale=0,heading=0,stationary=0,innovation=0,rejected=0"
264,206387150.671,0.0,0,0x0000,0,0,0,0,0,0,0,0,0,0,"AS,t=206387150.671,risk=0.00,state=0,flags=0x0000,time=0,pos=0,vel=0,imu=0,stale=0,heading=0,stationary=0,innovation=0,rejected=0"
265,206387150.921,0.0,0,0x0000,0,0,0,0,0,0,0,0,0,0,"AS,t=206387150.921,risk=0.00,state=0,flags=0x0000,time=0,pos=0,vel=0,imu=0,stale=0,heading=0,stationary=0,innovation=0,rejected=0"
266,206387151.171,0.0,0,0x0000,0,0,0,0,0,0,0,0,0,0,"AS,t=206387151.171,risk=0.00,state=0,flags=0x0000,time=0,pos=0,vel=0,imu=0,stale=0,heading=0,stationary=0,innovation=0,rejected=0"
267,206387151.421,0.0,0,0x0000,0,0,0,0,0,0,0,0,0,0,"AS,t=206387151.421,risk=0.00,state=0,flags=0x0000,time=0,pos=0,vel=0,imu=0,stale=0,heading=0,stationary=0,innovation=0,rejected=0"
268,206387151.671,0.0,0,0x0000,0,0,0,0,0,0,0,0,0,0,"AS,t=206387151.671,risk=0.00,state=0,flags=0x0000,time=0,pos=0,vel=0,imu=0,stale=0,heading=0,stationary=0,innovation=0,rejected=0"
269,206387151.921,0.0,0,0x0000,0,0,0,0,0,0,0,0,0,0,"AS,t=206387151.921,risk=0.00,state=0,flags=0x0000,time=0,pos=0,vel=0,imu=0,stale=0,heading=0,stationary=0,innovation=0,rejected=0"
270,206387152.171,0.0,0,0x0000,0,0,0,0,0,0,0,0,0,0,"AS,t=206387152.171,risk=0.00,state=0,flags=0x0000,time=0,pos=0,vel=0,imu=0,stale=0,heading=0,stationary=0,innovation=0,rejected=0"
271,206387152.421,0.0,0,0x0000,0,0,0,0,0,0,0,0,0,0,"AS,t=206387152.421,risk=0.00,state=0,flags=0x0000,time=0,pos=0,vel=0,imu=0,stale=0,heading=0,stationary=0,innovation=0,rejected=0"
272,206387152.671,0.0,0,0x0000,0,0,0,0,0,0,0,0,0,0,"AS,t=206387152.671,risk=0.00,state=0,flags=0x0000,time=0,pos=0,vel=0,imu=0,stale=0,heading=0,stationary=0,innovation=0,rejected=0"
273,206387152.921,0.2,0,0x0004,4,0,0,1,0,0,0,0,0,0,"AS,t=206387152.921,risk=0.20,state=0,flags=0x0004,time=0,pos=0,vel=1,imu=0,stale=0,heading=0,stationary=0,innovation=0,rejected=0"
274,206387153.171,0.0,0,0x0000,0,0,0,0,0,0,0,0,0,0,"AS,t=206387153.171,risk=0.00,state=0,flags=0x0000,time=0,pos=0,vel=0,imu=0,stale=0,heading=0,stationary=0,innovation=0,rejected=0"
